<?xml version="1.0" encoding="UTF-8"?>
<project-private xmlns="http://www.netbeans.org/ns/project-private/1">
    <editor-bookmarks xmlns="http://www.netbeans.org/ns/editor-bookmarks/2" lastBookmarkId="0"/>
    <open-files xmlns="http://www.netbeans.org/ns/projectui-open-files/2">
        <group>
            <file>file:/F:/Super/Pengajaran%20UBL/semester%203/IPBO/UAS%20IPBO/1511500827_MuhamadRizkySyawalludin_TI_04/RentalMobil/src/Koneksi/Database.java</file>
            <file>file:/F:/Super/Pengajaran%20UBL/semester%203/IPBO/UAS%20IPBO/1511500827_MuhamadRizkySyawalludin_TI_04/RentalMobil/src/Model/Pelanggan.java</file>
            <file>file:/F:/Super/Pengajaran%20UBL/semester%203/IPBO/UAS%20IPBO/1511500827_MuhamadRizkySyawalludin_TI_04/RentalMobil/src/Model/Mobil.java</file>
            <file>file:/F:/Super/Pengajaran%20UBL/semester%203/IPBO/UAS%20IPBO/1511500827_MuhamadRizkySyawalludin_TI_04/RentalMobil/src/DAO/DAO_Mobil.java</file>
            <file>file:/F:/Super/Pengajaran%20UBL/semester%203/IPBO/UAS%20IPBO/1511500827_MuhamadRizkySyawalludin_TI_04/RentalMobil/src/View/MenuUtama.java</file>
            <file>file:/F:/Super/Pengajaran%20UBL/semester%203/IPBO/UAS%20IPBO/1511500827_MuhamadRizkySyawalludin_TI_04/RentalMobil/src/Controller/Controller_LapPelanggan.java</file>
            <file>file:/F:/Super/Pengajaran%20UBL/semester%203/IPBO/UAS%20IPBO/1511500827_MuhamadRizkySyawalludin_TI_04/RentalMobil/src/Report/LapMobil.jrxml</file>
            <file>file:/F:/Super/Pengajaran%20UBL/semester%203/IPBO/UAS%20IPBO/1511500827_MuhamadRizkySyawalludin_TI_04/RentalMobil/src/View/Lap_Pelanggan.java</file>
            <file>file:/F:/Super/Pengajaran%20UBL/semester%203/IPBO/UAS%20IPBO/1511500827_MuhamadRizkySyawalludin_TI_04/RentalMobil/src/View/Lap_Mobil.java</file>
            <file>file:/F:/Super/Pengajaran%20UBL/semester%203/IPBO/UAS%20IPBO/1511500827_MuhamadRizkySyawalludin_TI_04/RentalMobil/src/Controller/Controller_LapMobil.java</file>
            <file>file:/F:/Super/Pengajaran%20UBL/semester%203/IPBO/UAS%20IPBO/1511500827_MuhamadRizkySyawalludin_TI_04/RentalMobil/src/View/TBuktiSewa.java</file>
            <file>file:/F:/Super/Pengajaran%20UBL/semester%203/IPBO/UAS%20IPBO/1511500827_MuhamadRizkySyawalludin_TI_04/RentalMobil/src/DAO/DAO_Rental.java</file>
            <file>file:/F:/Super/Pengajaran%20UBL/semester%203/IPBO/UAS%20IPBO/1511500827_MuhamadRizkySyawalludin_TI_04/RentalMobil/src/Model/BuktiSewa.java</file>
            <file>file:/F:/Super/Pengajaran%20UBL/semester%203/IPBO/UAS%20IPBO/1511500827_MuhamadRizkySyawalludin_TI_04/RentalMobil/src/Report/LapPelanggan.jrxml</file>
        </group>
    </open-files>
</project-private>
